file_name,label
0.jpg,sunglasses
1.jpg,sunglasses
2.jpg,sunglasses
3.jpg,sunglasses
4.jpg,sunglasses
5.jpg,sunglasses
6.jpg,sunglasses
7.jpg,sunglasses
8.jpg,sunglasses
9.jpg,sunglasses
10.jpg,sunglasses
11.jpg,sunglasses
12.jpg,sunglasses
13.jpg,sunglasses
14.jpg,sunglasses
15.jpg,sunglasses
16.jpg,sunglasses
17.jpg,sunglasses
18.jpg,sunglasses
19.jpg,sunglasses
20.jpg,sunglasses
21.jpg,sunglasses
22.jpg,sunglasses
23.jpg,sunglasses
24.jpg,sunglasses
25.jpg,sunglasses
26.jpg,sunglasses
27.jpg,sunglasses
28.jpg,sunglasses
29.jpg,sunglasses
30.jpg,sunglasses
31.jpg,sunglasses
32.jpg,sunglasses
33.jpg,sunglasses
34.jpg,sunglasses
35.jpg,sunglasses
36.jpg,sunglasses
37.jpg,sunglasses
38.jpg,sunglasses
39.jpg,sunglasses
40.jpg,sunglasses
41.jpg,sunglasses
42.jpg,sunglasses
43.jpg,sunglasses
44.jpg,sunglasses
45.jpg,sunglasses
46.jpg,sunglasses
47.jpg,sunglasses
48.jpg,sunglasses
49.jpg,sunglasses
50.jpg,sunglasses
51.jpg,sunglasses
52.jpg,sunglasses
53.jpg,sunglasses
54.jpg,sunglasses
55.jpg,sunglasses
56.jpg,sunglasses
57.jpg,sunglasses
58.jpg,sunglasses
59.jpg,sunglasses
60.jpg,sunglasses
61.jpg,sunglasses
62.jpg,sunglasses
63.jpg,sunglasses
64.jpg,sunglasses
65.jpg,sunglasses
66.jpg,sunglasses
67.jpg,sunglasses
68.jpg,sunglasses
69.jpg,sunglasses
70.jpg,sunglasses
71.jpg,sunglasses
72.jpg,sunglasses
73.jpg,sunglasses
74.jpg,sunglasses
75.jpg,sunglasses
76.jpg,sunglasses
77.jpg,sunglasses
78.jpg,sunglasses
79.jpg,sunglasses
80.jpg,sunglasses
81.jpg,sunglasses
82.jpg,sunglasses
83.jpg,sunglasses
84.jpg,sunglasses
85.jpg,sunglasses
86.jpg,sunglasses
87.jpg,sunglasses
88.jpg,sunglasses
89.jpg,sunglasses
90.jpg,sunglasses
91.jpg,sunglasses
92.jpg,sunglasses
93.jpg,sunglasses
94.jpg,sunglasses
95.jpg,sunglasses
96.jpg,sunglasses
97.jpg,sunglasses
98.jpg,sunglasses
99.jpg,sunglasses
100.jpg,sunglasses
101.jpg,sunglasses
102.jpg,sunglasses
103.jpg,sunglasses
104.jpg,sunglasses
105.jpg,sunglasses
106.jpg,sunglasses
107.jpg,sunglasses
108.jpg,sunglasses
109.jpg,sunglasses
110.jpg,sunglasses
111.jpg,sunglasses
112.jpg,sunglasses
113.jpg,sunglasses
114.jpg,sunglasses
115.jpg,sunglasses
116.jpg,sunglasses
117.jpg,sunglasses
118.jpg,sunglasses
119.jpg,sunglasses
120.jpg,sunglasses
121.jpg,sunglasses
122.jpg,sunglasses
123.jpg,sunglasses
124.jpg,sunglasses
125.jpg,sunglasses
126.jpg,sunglasses
127.jpg,sunglasses
128.jpg,sunglasses
129.jpg,sunglasses
130.jpg,sunglasses
131.jpg,sunglasses
132.jpg,sunglasses
133.jpg,sunglasses
134.jpg,sunglasses
135.jpg,sunglasses
136.jpg,sunglasses
137.jpg,sunglasses
138.jpg,sunglasses
139.jpg,sunglasses
140.jpg,sunglasses
141.jpg,sunglasses
142.jpg,sunglasses
143.jpg,sunglasses
144.jpg,sunglasses
145.jpg,sunglasses
146.jpg,sunglasses
147.jpg,sunglasses
148.jpg,sunglasses
149.jpg,sunglasses
150.jpg,sunglasses
151.jpg,sunglasses
152.jpg,sunglasses
153.jpg,sunglasses
154.jpg,sunglasses
155.jpg,sunglasses
156.jpg,sunglasses
157.jpg,sunglasses
158.jpg,sunglasses
159.jpg,sunglasses
160.jpg,sunglasses
161.jpg,sunglasses
162.jpg,sunglasses
163.jpg,sunglasses
164.jpg,sunglasses
165.jpg,sunglasses
166.jpg,sunglasses
167.jpg,sunglasses
168.jpg,sunglasses
169.jpg,sunglasses
170.jpg,sunglasses
171.jpg,sunglasses
172.jpg,sunglasses
173.jpg,sunglasses
174.jpg,sunglasses
175.jpg,sunglasses
176.jpg,sunglasses
177.jpg,sunglasses
178.jpg,sunglasses
179.jpg,sunglasses
180.jpg,sunglasses
181.jpg,sunglasses
182.jpg,sunglasses
183.jpg,sunglasses
184.jpg,sunglasses
185.jpg,sunglasses
186.jpg,sunglasses
187.jpg,sunglasses
188.jpg,sunglasses
189.jpg,sunglasses
190.jpg,sunglasses
191.jpg,sunglasses
192.jpg,sunglasses
193.jpg,sunglasses
194.jpg,sunglasses
195.jpg,sunglasses
196.jpg,sunglasses
197.jpg,sunglasses
198.jpg,sunglasses
199.jpg,sunglasses
200.jpg,sunglasses
201.jpg,sunglasses
202.jpg,sunglasses
203.jpg,sunglasses
204.jpg,sunglasses
205.jpg,sunglasses
206.jpg,sunglasses
207.jpg,sunglasses
208.jpg,sunglasses
209.jpg,sunglasses
210.jpg,sunglasses
211.jpg,sunglasses
212.jpg,sunglasses
213.jpg,sunglasses
214.jpg,sunglasses
215.jpg,sunglasses
216.jpg,sunglasses
217.jpg,sunglasses
218.jpg,sunglasses
219.jpg,sunglasses
220.jpg,sunglasses
221.jpg,sunglasses
222.jpg,sunglasses
223.jpg,sunglasses
224.jpg,sunglasses
225.jpg,sunglasses
226.jpg,sunglasses
227.jpg,sunglasses
228.jpg,sunglasses
229.jpg,sunglasses
230.jpg,sunglasses
231.jpg,sunglasses
232.jpg,sunglasses
233.jpg,sunglasses
234.jpg,sunglasses
235.jpg,sunglasses
236.jpg,sunglasses
237.jpg,sunglasses
238.jpg,sunglasses
239.jpg,sunglasses
240.jpg,sunglasses
241.jpg,sunglasses
242.jpg,sunglasses
243.jpg,sunglasses
244.jpg,sunglasses
245.jpg,sunglasses
246.jpg,sunglasses
247.jpg,sunglasses
248.jpg,sunglasses
249.jpg,sunglasses
250.jpg,sunglasses
251.jpg,sunglasses
252.jpg,sunglasses
253.jpg,sunglasses
254.jpg,sunglasses
255.jpg,sunglasses
256.jpg,sunglasses
257.jpg,sunglasses
258.jpg,sunglasses
259.jpg,sunglasses
260.jpg,sunglasses
261.jpg,sunglasses
262.jpg,sunglasses
263.jpg,sunglasses
264.jpg,sunglasses
265.jpg,sunglasses
266.jpg,sunglasses
267.jpg,sunglasses
268.jpg,sunglasses
269.jpg,sunglasses
270.jpg,sunglasses
271.jpg,sunglasses
272.jpg,sunglasses
273.jpg,sunglasses
274.jpg,sunglasses
275.jpg,sunglasses
276.jpg,sunglasses
277.jpg,sunglasses
278.jpg,sunglasses
279.jpg,sunglasses
280.jpg,sunglasses
281.jpg,sunglasses
282.jpg,sunglasses
283.jpg,sunglasses
284.jpg,sunglasses
285.jpg,sunglasses
286.jpg,sunglasses
287.jpg,sunglasses
288.jpg,sunglasses
289.jpg,sunglasses
290.jpg,sunglasses
291.jpg,sunglasses
292.jpg,sunglasses
293.jpg,sunglasses
294.jpg,sunglasses
295.jpg,sunglasses
296.jpg,sunglasses
297.jpg,sunglasses
298.jpg,sunglasses
299.jpg,sunglasses
300.jpg,sunglasses
301.jpg,sunglasses
302.jpg,sunglasses
303.jpg,sunglasses
304.jpg,sunglasses
305.jpg,sunglasses
306.jpg,sunglasses
307.jpg,sunglasses
308.jpg,sunglasses
309.jpg,sunglasses
310.jpg,sunglasses
311.jpg,sunglasses
312.jpg,sunglasses
313.jpg,sunglasses
314.jpg,sunglasses
315.jpg,sunglasses
316.jpg,sunglasses
317.jpg,sunglasses
318.jpg,sunglasses
319.jpg,sunglasses
320.jpg,sunglasses
321.jpg,sunglasses
322.jpg,sunglasses
323.jpg,sunglasses
324.jpg,sunglasses
325.jpg,sunglasses
326.jpg,sunglasses
327.jpg,sunglasses
328.jpg,sunglasses
329.jpg,sunglasses
330.jpg,sunglasses
331.jpg,sunglasses
332.jpg,sunglasses
333.jpg,sunglasses
334.jpg,sunglasses
335.jpg,sunglasses
336.jpg,sunglasses
337.jpg,sunglasses
338.jpg,sunglasses
339.jpg,sunglasses
340.jpg,sunglasses
341.jpg,sunglasses
342.jpg,sunglasses
343.jpg,sunglasses
344.jpg,sunglasses
345.jpg,sunglasses
346.jpg,sunglasses
347.jpg,sunglasses
348.jpg,sunglasses
349.jpg,sunglasses
350.jpg,sunglasses
351.jpg,sunglasses
352.jpg,sunglasses
353.jpg,sunglasses
354.jpg,sunglasses
355.jpg,sunglasses
356.jpg,sunglasses
357.jpg,sunglasses
358.jpg,sunglasses
359.jpg,sunglasses
360.jpg,sunglasses
361.jpg,sunglasses
362.jpg,sunglasses
363.jpg,sunglasses
364.jpg,sunglasses
365.jpg,sunglasses
366.jpg,sunglasses
367.jpg,sunglasses
368.jpg,sunglasses
369.jpg,sunglasses
370.jpg,sunglasses
371.jpg,sunglasses
372.jpg,sunglasses
373.jpg,sunglasses
374.jpg,sunglasses
375.jpg,sunglasses
376.jpg,sunglasses
377.jpg,sunglasses
378.jpg,sunglasses
379.jpg,sunglasses
380.jpg,sunglasses
381.jpg,sunglasses
382.jpg,sunglasses
383.jpg,sunglasses
384.jpg,sunglasses
385.jpg,sunglasses
386.jpg,sunglasses
387.jpg,sunglasses
388.jpg,sunglasses
389.jpg,sunglasses
390.jpg,sunglasses
391.jpg,sunglasses
392.jpg,sunglasses
393.jpg,sunglasses
394.jpg,sunglasses
395.jpg,sunglasses
396.jpg,sunglasses
397.jpg,sunglasses
398.jpg,sunglasses
399.jpg,sunglasses
400.jpg,sunglasses
401.jpg,sunglasses
402.jpg,sunglasses
403.jpg,sunglasses
404.jpg,sunglasses
405.jpg,sunglasses
406.jpg,sunglasses
407.jpg,sunglasses
408.jpg,sunglasses
409.jpg,sunglasses
410.jpg,sunglasses
411.jpg,sunglasses
412.jpg,sunglasses
413.jpg,sunglasses
414.jpg,sunglasses
415.jpg,sunglasses
416.jpg,sunglasses
417.jpg,sunglasses
418.jpg,sunglasses
419.jpg,sunglasses
420.jpg,sunglasses
421.jpg,sunglasses
422.jpg,sunglasses
423.jpg,sunglasses
424.jpg,sunglasses
425.jpg,sunglasses
426.jpg,sunglasses
427.jpg,sunglasses
428.jpg,sunglasses
429.jpg,sunglasses
430.jpg,sunglasses
431.jpg,sunglasses
432.jpg,sunglasses
433.jpg,sunglasses
434.jpg,sunglasses
435.jpg,sunglasses
436.jpg,sunglasses
437.jpg,sunglasses
438.jpg,sunglasses
439.jpg,sunglasses
440.jpg,sunglasses
441.jpg,sunglasses
442.jpg,sunglasses
443.jpg,sunglasses
444.jpg,sunglasses
445.jpg,sunglasses
446.jpg,sunglasses
447.jpg,sunglasses
448.jpg,sunglasses
449.jpg,sunglasses
450.jpg,sunglasses
451.jpg,sunglasses
452.jpg,sunglasses
453.jpg,sunglasses
454.jpg,sunglasses
455.jpg,sunglasses
456.jpg,sunglasses
457.jpg,sunglasses
458.jpg,sunglasses
459.jpg,sunglasses
460.jpg,sunglasses
461.jpg,sunglasses
462.jpg,sunglasses
463.jpg,sunglasses
464.jpg,sunglasses
465.jpg,sunglasses
466.jpg,sunglasses
467.jpg,sunglasses
468.jpg,sunglasses
469.jpg,sunglasses
470.jpg,sunglasses
471.jpg,sunglasses
472.jpg,sunglasses
473.jpg,sunglasses
474.jpg,sunglasses
475.jpg,sunglasses
476.jpg,sunglasses
477.jpg,sunglasses
478.jpg,sunglasses
479.jpg,sunglasses
480.jpg,sunglasses
481.jpg,sunglasses
482.jpg,sunglasses
483.jpg,sunglasses
484.jpg,sunglasses
485.jpg,sunglasses
486.jpg,sunglasses
487.jpg,sunglasses
488.jpg,sunglasses
489.jpg,sunglasses
490.jpg,sunglasses
491.jpg,sunglasses
492.jpg,sunglasses
493.jpg,sunglasses
494.jpg,sunglasses
495.jpg,sunglasses
496.jpg,sunglasses
497.jpg,sunglasses
498.jpg,sunglasses
499.jpg,sunglasses
500.jpg,sunglasses
501.jpg,sunglasses
502.jpg,sunglasses
503.jpg,sunglasses
504.jpg,sunglasses
505.jpg,sunglasses
506.jpg,sunglasses
507.jpg,sunglasses
508.jpg,sunglasses
509.jpg,sunglasses
510.jpg,sunglasses
511.jpg,sunglasses
512.jpg,sunglasses
513.jpg,sunglasses
514.jpg,sunglasses
515.jpg,sunglasses
516.jpg,sunglasses
517.jpg,sunglasses
518.jpg,sunglasses
519.jpg,sunglasses
520.jpg,sunglasses
521.jpg,sunglasses
522.jpg,sunglasses
523.jpg,sunglasses
524.jpg,sunglasses
525.jpg,sunglasses
526.jpg,sunglasses
527.jpg,sunglasses
528.jpg,sunglasses
529.jpg,sunglasses
530.jpg,sunglasses
531.jpg,sunglasses
532.jpg,sunglasses
533.jpg,sunglasses
534.jpg,sunglasses
535.jpg,sunglasses
536.jpg,sunglasses
537.jpg,sunglasses
538.jpg,sunglasses
539.jpg,sunglasses
540.jpg,sunglasses
541.jpg,sunglasses
542.jpg,sunglasses
543.jpg,sunglasses
544.jpg,sunglasses
545.jpg,sunglasses
546.jpg,sunglasses
547.jpg,sunglasses
548.jpg,sunglasses
549.jpg,sunglasses
550.jpg,sunglasses
551.jpg,sunglasses
552.jpg,sunglasses
553.jpg,sunglasses
554.jpg,sunglasses
555.jpg,sunglasses
556.jpg,sunglasses
557.jpg,sunglasses
558.jpg,sunglasses
559.jpg,sunglasses
560.jpg,sunglasses
561.jpg,sunglasses
562.jpg,sunglasses
563.jpg,sunglasses
564.jpg,sunglasses
565.jpg,sunglasses
566.jpg,sunglasses
567.jpg,sunglasses
568.jpg,sunglasses
569.jpg,sunglasses
570.jpg,sunglasses
571.jpg,sunglasses
572.jpg,sunglasses
573.jpg,sunglasses
574.jpg,sunglasses
575.jpg,sunglasses
576.jpg,sunglasses
577.jpg,sunglasses
578.jpg,sunglasses
579.jpg,sunglasses
580.jpg,sunglasses
581.jpg,sunglasses
582.jpg,sunglasses
583.jpg,sunglasses
584.jpg,sunglasses
585.jpg,sunglasses
586.jpg,sunglasses
587.jpg,sunglasses
588.jpg,sunglasses
589.jpg,sunglasses
590.jpg,sunglasses
591.jpg,sunglasses
592.jpg,sunglasses
593.jpg,sunglasses
594.jpg,sunglasses
595.jpg,sunglasses
596.jpg,sunglasses
597.jpg,sunglasses
598.jpg,sunglasses
599.jpg,sunglasses
600.jpg,sunglasses
601.jpg,sunglasses
602.jpg,sunglasses
603.jpg,sunglasses
604.jpg,sunglasses
605.jpg,sunglasses
606.jpg,sunglasses
607.jpg,sunglasses
608.jpg,sunglasses
609.jpg,sunglasses
610.jpg,sunglasses
611.jpg,sunglasses
612.jpg,sunglasses
613.jpg,sunglasses
614.jpg,sunglasses
615.jpg,sunglasses
616.jpg,sunglasses
617.jpg,sunglasses
618.jpg,sunglasses
619.jpg,sunglasses
620.jpg,sunglasses
621.jpg,sunglasses
622.jpg,sunglasses
623.jpg,sunglasses
624.jpg,sunglasses
625.jpg,sunglasses
626.jpg,sunglasses
627.jpg,sunglasses
628.jpg,sunglasses
629.jpg,sunglasses
630.jpg,sunglasses
631.jpg,sunglasses
632.jpg,sunglasses
633.jpg,sunglasses
634.jpg,sunglasses
635.jpg,sunglasses
636.jpg,sunglasses
637.jpg,sunglasses
638.jpg,sunglasses
639.jpg,sunglasses
640.jpg,sunglasses
641.jpg,sunglasses
642.jpg,sunglasses
643.jpg,sunglasses
644.jpg,sunglasses
645.jpg,sunglasses
646.jpg,sunglasses
647.jpg,sunglasses
648.jpg,sunglasses
649.jpg,sunglasses
650.jpg,sunglasses
651.jpg,sunglasses
652.jpg,sunglasses
653.jpg,sunglasses
654.jpg,sunglasses
655.jpg,sunglasses
656.jpg,sunglasses
657.jpg,sunglasses
658.jpg,sunglasses
659.jpg,sunglasses
660.jpg,sunglasses
661.jpg,sunglasses
662.jpg,sunglasses
663.jpg,sunglasses
664.jpg,sunglasses
665.jpg,sunglasses
666.jpg,sunglasses
667.jpg,sunglasses
668.jpg,sunglasses
669.jpg,sunglasses
670.jpg,sunglasses
671.jpg,sunglasses
672.jpg,sunglasses
673.jpg,sunglasses
674.jpg,sunglasses
675.jpg,sunglasses
676.jpg,sunglasses
677.jpg,sunglasses
678.jpg,sunglasses
679.jpg,sunglasses
680.jpg,sunglasses
681.jpg,sunglasses
682.jpg,sunglasses
683.jpg,sunglasses
684.jpg,sunglasses
685.jpg,sunglasses
686.jpg,sunglasses
687.jpg,sunglasses
688.jpg,sunglasses
689.jpg,sunglasses
690.jpg,sunglasses
691.jpg,sunglasses
692.jpg,sunglasses
693.jpg,sunglasses
694.jpg,sunglasses
695.jpg,sunglasses
696.jpg,sunglasses
697.jpg,sunglasses
698.jpg,sunglasses
699.jpg,sunglasses
700.jpg,sunglasses
701.jpg,sunglasses
702.jpg,sunglasses
703.jpg,sunglasses
704.jpg,sunglasses
705.jpg,sunglasses
706.jpg,sunglasses
707.jpg,sunglasses
708.jpg,sunglasses
709.jpg,sunglasses
710.jpg,sunglasses
711.jpg,sunglasses
712.jpg,sunglasses
713.jpg,sunglasses
714.jpg,sunglasses
715.jpg,sunglasses
716.jpg,sunglasses
717.jpg,sunglasses
718.jpg,sunglasses
719.jpg,sunglasses
720.jpg,sunglasses
721.jpg,sunglasses
722.jpg,sunglasses
723.jpg,sunglasses
724.jpg,sunglasses
725.jpg,sunglasses
726.jpg,sunglasses
727.jpg,sunglasses
728.jpg,sunglasses
729.jpg,sunglasses
730.jpg,sunglasses
731.jpg,sunglasses
732.jpg,sunglasses
733.jpg,sunglasses
734.jpg,sunglasses
735.jpg,sunglasses
736.jpg,sunglasses
737.jpg,sunglasses
738.jpg,sunglasses
739.jpg,sunglasses
740.jpg,sunglasses
741.jpg,sunglasses
742.jpg,sunglasses
743.jpg,sunglasses
744.jpg,sunglasses
745.jpg,sunglasses
746.jpg,sunglasses
747.jpg,sunglasses
748.jpg,sunglasses
749.jpg,sunglasses
750.jpg,sunglasses
751.jpg,sunglasses
752.jpg,sunglasses
753.jpg,sunglasses
754.jpg,sunglasses
755.jpg,sunglasses
756.jpg,sunglasses
757.jpg,sunglasses
758.jpg,sunglasses
759.jpg,sunglasses
760.jpg,sunglasses
761.jpg,sunglasses
762.jpg,sunglasses
763.jpg,sunglasses
764.jpg,sunglasses
765.jpg,sunglasses
766.jpg,sunglasses
767.jpg,sunglasses
768.jpg,sunglasses
769.jpg,sunglasses
770.jpg,sunglasses
771.jpg,sunglasses
772.jpg,sunglasses
773.jpg,sunglasses
774.jpg,sunglasses
775.jpg,sunglasses
776.jpg,sunglasses
777.jpg,sunglasses
778.jpg,sunglasses
779.jpg,sunglasses
780.jpg,sunglasses
781.jpg,sunglasses
782.jpg,sunglasses
783.jpg,sunglasses
784.jpg,sunglasses
785.jpg,sunglasses
786.jpg,sunglasses
787.jpg,sunglasses
788.jpg,sunglasses
789.jpg,sunglasses
790.jpg,sunglasses
791.jpg,sunglasses
792.jpg,sunglasses
793.jpg,sunglasses
794.jpg,sunglasses
795.jpg,sunglasses
796.jpg,sunglasses
797.jpg,sunglasses
798.jpg,sunglasses
799.jpg,sunglasses
800.jpg,sunglasses
801.jpg,sunglasses
802.jpg,sunglasses
803.jpg,sunglasses
804.jpg,sunglasses
805.jpg,sunglasses
806.jpg,sunglasses
807.jpg,sunglasses
808.jpg,sunglasses
809.jpg,sunglasses
810.jpg,sunglasses
811.jpg,sunglasses
812.jpg,sunglasses
813.jpg,sunglasses
814.jpg,sunglasses
815.jpg,sunglasses
816.jpg,sunglasses
817.jpg,sunglasses
818.jpg,sunglasses
819.jpg,sunglasses
820.jpg,sunglasses
821.jpg,sunglasses
822.jpg,sunglasses
823.jpg,sunglasses
824.jpg,sunglasses
825.jpg,sunglasses
826.jpg,sunglasses
827.jpg,sunglasses
828.jpg,sunglasses
829.jpg,sunglasses
830.jpg,sunglasses
831.jpg,sunglasses
832.jpg,sunglasses
833.jpg,sunglasses
834.jpg,sunglasses
835.jpg,sunglasses
836.jpg,sunglasses
837.jpg,sunglasses
838.jpg,sunglasses
839.jpg,sunglasses
840.jpg,sunglasses
841.jpg,sunglasses
842.jpg,sunglasses
843.jpg,sunglasses
844.jpg,sunglasses
845.jpg,sunglasses
846.jpg,sunglasses
847.jpg,sunglasses
848.jpg,sunglasses
849.jpg,sunglasses
850.jpg,sunglasses
851.jpg,sunglasses
852.jpg,sunglasses
853.jpg,sunglasses
854.jpg,sunglasses
855.jpg,sunglasses
856.jpg,sunglasses
857.jpg,sunglasses
858.jpg,sunglasses
859.jpg,sunglasses
860.jpg,sunglasses
861.jpg,sunglasses
862.jpg,sunglasses
863.jpg,sunglasses
864.jpg,sunglasses
865.jpg,sunglasses
866.jpg,sunglasses
867.jpg,sunglasses
868.jpg,sunglasses
869.jpg,sunglasses
870.jpg,sunglasses
871.jpg,sunglasses
872.jpg,sunglasses
873.jpg,sunglasses
874.jpg,sunglasses
875.jpg,sunglasses
876.jpg,sunglasses
877.jpg,sunglasses
878.jpg,sunglasses
879.jpg,sunglasses
880.jpg,sunglasses
881.jpg,sunglasses
882.jpg,sunglasses
883.jpg,sunglasses
884.jpg,sunglasses
885.jpg,sunglasses
886.jpg,sunglasses
887.jpg,sunglasses
888.jpg,sunglasses
889.jpg,sunglasses
890.jpg,sunglasses
891.jpg,sunglasses
892.jpg,sunglasses
893.jpg,sunglasses
894.jpg,sunglasses
895.jpg,sunglasses
896.jpg,sunglasses
897.jpg,sunglasses
898.jpg,sunglasses
899.jpg,sunglasses
900.jpg,sunglasses
901.jpg,sunglasses
902.jpg,sunglasses
903.jpg,sunglasses
904.jpg,sunglasses
905.jpg,sunglasses
906.jpg,sunglasses
907.jpg,sunglasses
908.jpg,sunglasses
909.jpg,sunglasses
910.jpg,sunglasses
911.jpg,sunglasses
912.jpg,sunglasses
913.jpg,sunglasses
914.jpg,sunglasses
915.jpg,sunglasses
916.jpg,sunglasses
917.jpg,sunglasses
918.jpg,sunglasses
919.jpg,sunglasses
920.jpg,sunglasses
921.jpg,sunglasses
922.jpg,sunglasses
923.jpg,sunglasses
924.jpg,sunglasses
925.jpg,sunglasses
926.jpg,sunglasses
927.jpg,sunglasses
928.jpg,sunglasses
929.jpg,sunglasses
930.jpg,sunglasses
931.jpg,sunglasses
932.jpg,sunglasses
933.jpg,sunglasses
934.jpg,sunglasses
935.jpg,sunglasses
936.jpg,sunglasses
937.jpg,sunglasses
938.jpg,sunglasses
939.jpg,sunglasses
940.jpg,sunglasses
941.jpg,sunglasses
942.jpg,sunglasses
943.jpg,sunglasses
944.jpg,sunglasses
945.jpg,sunglasses
946.jpg,sunglasses
947.jpg,sunglasses
948.jpg,sunglasses
949.jpg,sunglasses
950.jpg,sunglasses
951.jpg,sunglasses
952.jpg,sunglasses
953.jpg,sunglasses
954.jpg,sunglasses
955.jpg,sunglasses
956.jpg,sunglasses
957.jpg,sunglasses
958.jpg,sunglasses
959.jpg,sunglasses
960.jpg,sunglasses
961.jpg,sunglasses
962.jpg,sunglasses
963.jpg,sunglasses
964.jpg,sunglasses
965.jpg,sunglasses
966.jpg,sunglasses
967.jpg,sunglasses
968.jpg,sunglasses
969.jpg,sunglasses
970.jpg,sunglasses
971.jpg,sunglasses
972.jpg,sunglasses
973.jpg,sunglasses
974.jpg,sunglasses
975.jpg,sunglasses
976.jpg,sunglasses
977.jpg,sunglasses
978.jpg,sunglasses
979.jpg,sunglasses
980.jpg,sunglasses
981.jpg,sunglasses
982.jpg,sunglasses
983.jpg,sunglasses
984.jpg,sunglasses
985.jpg,sunglasses
986.jpg,sunglasses
987.jpg,sunglasses
988.jpg,sunglasses
989.jpg,sunglasses
990.jpg,sunglasses
991.jpg,sunglasses
992.jpg,sunglasses
993.jpg,sunglasses
994.jpg,sunglasses
995.jpg,sunglasses
996.jpg,sunglasses
997.jpg,sunglasses
998.jpg,sunglasses
999.jpg,sunglasses
1000.jpg,sunglasses
1001.jpg,sunglasses
1002.jpg,sunglasses
1003.jpg,sunglasses
1004.jpg,sunglasses
1005.jpg,sunglasses
1006.jpg,sunglasses
1007.jpg,sunglasses
1008.jpg,sunglasses
1009.jpg,sunglasses
1010.jpg,sunglasses
1011.jpg,sunglasses
1012.jpg,sunglasses
1013.jpg,sunglasses
1014.jpg,sunglasses
1015.jpg,sunglasses
1016.jpg,sunglasses
1017.jpg,sunglasses
1018.jpg,sunglasses
1019.jpg,sunglasses
1020.jpg,sunglasses
1021.jpg,sunglasses
1022.jpg,sunglasses
1023.jpg,sunglasses
1024.jpg,sunglasses
1025.jpg,sunglasses
1026.jpg,sunglasses
1027.jpg,sunglasses
1028.jpg,sunglasses
1029.jpg,sunglasses
1030.jpg,sunglasses
1031.jpg,sunglasses
1032.jpg,sunglasses
1033.jpg,sunglasses
1034.jpg,sunglasses
1035.jpg,sunglasses
1036.jpg,sunglasses
1037.jpg,sunglasses
1038.jpg,sunglasses
1039.jpg,sunglasses
1040.jpg,sunglasses
1041.jpg,sunglasses
1042.jpg,sunglasses
1043.jpg,sunglasses
1044.jpg,sunglasses
1045.jpg,sunglasses
1046.jpg,sunglasses
1047.jpg,sunglasses
1048.jpg,sunglasses
1049.jpg,sunglasses
1050.jpg,sunglasses
1051.jpg,sunglasses
1052.jpg,sunglasses
1053.jpg,sunglasses
1054.jpg,sunglasses
1055.jpg,sunglasses
1056.jpg,sunglasses
1057.jpg,sunglasses
1058.jpg,sunglasses
1059.jpg,sunglasses
1060.jpg,sunglasses
1061.jpg,sunglasses
1062.jpg,sunglasses
1063.jpg,sunglasses
1064.jpg,sunglasses
1065.jpg,sunglasses
1066.jpg,sunglasses
1067.jpg,sunglasses
1068.jpg,sunglasses
1069.jpg,sunglasses
1070.jpg,sunglasses
1071.jpg,sunglasses
1072.jpg,sunglasses
1073.jpg,sunglasses
1074.jpg,sunglasses
1075.jpg,sunglasses
1076.jpg,sunglasses
1077.jpg,sunglasses
1078.jpg,sunglasses
1079.jpg,sunglasses
1080.jpg,sunglasses
1081.jpg,sunglasses
1082.jpg,sunglasses
1083.jpg,sunglasses
1084.jpg,sunglasses
1085.jpg,sunglasses
1086.jpg,sunglasses
1087.jpg,sunglasses
1088.jpg,sunglasses
1089.jpg,sunglasses
1090.jpg,sunglasses
1091.jpg,sunglasses
1092.jpg,sunglasses
1093.jpg,sunglasses
1094.jpg,sunglasses
1095.jpg,sunglasses
1096.jpg,sunglasses
1097.jpg,sunglasses
1098.jpg,sunglasses
1099.jpg,sunglasses
1100.jpg,sunglasses
1101.jpg,sunglasses
1102.jpg,sunglasses
1103.jpg,sunglasses
1104.jpg,sunglasses
1105.jpg,sunglasses
1106.jpg,sunglasses
1107.jpg,sunglasses
1108.jpg,sunglasses
1109.jpg,sunglasses
1110.jpg,sunglasses
1111.jpg,sunglasses
1112.jpg,sunglasses
1113.jpg,sunglasses
1114.jpg,sunglasses
1115.jpg,sunglasses
1116.jpg,sunglasses
1117.jpg,sunglasses
1118.jpg,sunglasses
1119.jpg,sunglasses
1120.jpg,sunglasses
1121.jpg,sunglasses
1122.jpg,sunglasses
1123.jpg,sunglasses
1124.jpg,sunglasses
1125.jpg,sunglasses
1126.jpg,sunglasses
1127.jpg,sunglasses
1128.jpg,sunglasses
1129.jpg,sunglasses
1130.jpg,sunglasses
1131.jpg,sunglasses
1132.jpg,sunglasses
1133.jpg,sunglasses
1134.jpg,sunglasses
1135.jpg,sunglasses
1136.jpg,sunglasses
1137.jpg,sunglasses
1138.jpg,sunglasses
1139.jpg,sunglasses
1140.jpg,sunglasses
1141.jpg,sunglasses
1142.jpg,sunglasses
1143.jpg,sunglasses
1144.jpg,sunglasses
1145.jpg,sunglasses
1146.jpg,sunglasses
1147.jpg,sunglasses
1148.jpg,sunglasses
1149.jpg,sunglasses
1150.jpg,sunglasses
1151.jpg,sunglasses
1152.jpg,sunglasses
1153.jpg,sunglasses
1154.jpg,sunglasses
1155.jpg,sunglasses
1156.jpg,sunglasses
1157.jpg,sunglasses
1158.jpg,sunglasses
1159.jpg,sunglasses
1160.jpg,sunglasses
1161.jpg,sunglasses
1162.jpg,sunglasses
1163.jpg,sunglasses
1164.jpg,sunglasses
1165.jpg,sunglasses
1166.jpg,sunglasses
1167.jpg,sunglasses
1168.jpg,sunglasses
1169.jpg,sunglasses
1170.jpg,sunglasses
1171.jpg,sunglasses
1172.jpg,sunglasses
1173.jpg,sunglasses
1174.jpg,sunglasses
1175.jpg,sunglasses
1176.jpg,sunglasses
1177.jpg,sunglasses
1178.jpg,sunglasses
1179.jpg,sunglasses
1180.jpg,sunglasses
1181.jpg,sunglasses
1182.jpg,sunglasses
1183.jpg,sunglasses
1184.jpg,sunglasses
1185.jpg,sunglasses
1186.jpg,sunglasses
1187.jpg,sunglasses
1188.jpg,sunglasses
1189.jpg,sunglasses
1190.jpg,sunglasses
1191.jpg,sunglasses
1192.jpg,sunglasses
1193.jpg,sunglasses
1194.jpg,sunglasses
1195.jpg,sunglasses
1196.jpg,sunglasses
1197.jpg,sunglasses
1198.jpg,sunglasses
1199.jpg,sunglasses
1200.jpg,sunglasses
1201.jpg,sunglasses
1202.jpg,sunglasses
1203.jpg,sunglasses
1204.jpg,sunglasses
1205.jpg,sunglasses
1206.jpg,sunglasses
1207.jpg,sunglasses
1208.jpg,sunglasses
1209.jpg,sunglasses
1210.jpg,sunglasses
1211.jpg,sunglasses
1212.jpg,sunglasses
1213.jpg,sunglasses
1214.jpg,sunglasses
1215.jpg,sunglasses
1216.jpg,sunglasses
1217.jpg,sunglasses
1218.jpg,sunglasses
1219.jpg,sunglasses
1220.jpg,sunglasses
1221.jpg,sunglasses
1222.jpg,sunglasses
1223.jpg,sunglasses
1224.jpg,sunglasses
1225.jpg,sunglasses
1226.jpg,sunglasses
1227.jpg,sunglasses
1228.jpg,sunglasses
1229.jpg,sunglasses
1230.jpg,sunglasses
1231.jpg,sunglasses
1232.jpg,sunglasses
1233.jpg,sunglasses
1234.jpg,sunglasses
1235.jpg,sunglasses
1236.jpg,sunglasses
1237.jpg,sunglasses
1238.jpg,sunglasses
1239.jpg,sunglasses
1240.jpg,sunglasses
1241.jpg,sunglasses
1242.jpg,sunglasses
1243.jpg,sunglasses
1244.jpg,sunglasses
1245.jpg,sunglasses
1246.jpg,sunglasses
1247.jpg,sunglasses
1248.jpg,sunglasses
1249.jpg,sunglasses
1250.jpg,sunglasses
1251.jpg,sunglasses
1252.jpg,sunglasses
1253.jpg,sunglasses
1254.jpg,sunglasses
1255.jpg,sunglasses
1256.jpg,sunglasses
1257.jpg,sunglasses
1258.jpg,sunglasses
1259.jpg,sunglasses
1260.jpg,sunglasses
1261.jpg,sunglasses
1262.jpg,sunglasses
1263.jpg,sunglasses
1264.jpg,sunglasses
1265.jpg,sunglasses
1266.jpg,sunglasses
1267.jpg,sunglasses
1268.jpg,sunglasses
1269.jpg,sunglasses
1270.jpg,sunglasses
1271.jpg,sunglasses
1272.jpg,sunglasses
1273.jpg,sunglasses
1274.jpg,sunglasses
1275.jpg,sunglasses
1276.jpg,sunglasses
1277.jpg,sunglasses
1278.jpg,sunglasses
1279.jpg,sunglasses
1280.jpg,sunglasses
1281.jpg,sunglasses
1282.jpg,sunglasses
1283.jpg,sunglasses
1284.jpg,sunglasses
1285.jpg,sunglasses
1286.jpg,sunglasses
1287.jpg,sunglasses
1288.jpg,sunglasses
1289.jpg,sunglasses
1290.jpg,sunglasses
1291.jpg,sunglasses
1292.jpg,sunglasses
1293.jpg,sunglasses
1294.jpg,sunglasses
1295.jpg,sunglasses
1296.jpg,sunglasses
1297.jpg,sunglasses
1298.jpg,sunglasses
1299.jpg,sunglasses
1300.jpg,sunglasses
1301.jpg,sunglasses
1302.jpg,sunglasses
1303.jpg,sunglasses
1304.jpg,sunglasses
1305.jpg,sunglasses
1306.jpg,sunglasses
1307.jpg,sunglasses
1308.jpg,sunglasses
1309.jpg,sunglasses
1310.jpg,sunglasses
1311.jpg,sunglasses
1312.jpg,sunglasses
1313.jpg,sunglasses
1314.jpg,sunglasses
1315.jpg,sunglasses
1316.jpg,sunglasses
1317.jpg,sunglasses
1318.jpg,sunglasses
1319.jpg,sunglasses
1320.jpg,sunglasses
1321.jpg,sunglasses
1322.jpg,sunglasses
1323.jpg,sunglasses
1324.jpg,sunglasses
1325.jpg,sunglasses
1326.jpg,sunglasses
1327.jpg,sunglasses
1328.jpg,sunglasses
1329.jpg,sunglasses
1330.jpg,sunglasses
1331.jpg,sunglasses
1332.jpg,sunglasses
1333.jpg,sunglasses
1334.jpg,sunglasses
1335.jpg,sunglasses
1336.jpg,sunglasses
1337.jpg,sunglasses
1338.jpg,sunglasses
1339.jpg,sunglasses
1340.jpg,sunglasses
1341.jpg,sunglasses
1342.jpg,sunglasses
1343.jpg,sunglasses
1344.jpg,sunglasses
1345.jpg,sunglasses
1346.jpg,sunglasses
1347.jpg,sunglasses
1348.jpg,sunglasses
1349.jpg,sunglasses
1350.jpg,sunglasses
1351.jpg,sunglasses
1352.jpg,sunglasses
1353.jpg,sunglasses
1354.jpg,sunglasses
1355.jpg,sunglasses
1356.jpg,sunglasses
1357.jpg,sunglasses
1358.jpg,sunglasses
1359.jpg,sunglasses
1360.jpg,sunglasses
1361.jpg,sunglasses
1362.jpg,sunglasses
1363.jpg,sunglasses
1364.jpg,sunglasses
1365.jpg,sunglasses
1366.jpg,sunglasses
1367.jpg,sunglasses
1368.jpg,sunglasses
1369.jpg,sunglasses
1370.jpg,sunglasses
1371.jpg,sunglasses
1372.jpg,sunglasses
1373.jpg,sunglasses
1374.jpg,sunglasses
1375.jpg,sunglasses
1376.jpg,sunglasses
1377.jpg,sunglasses
1378.jpg,sunglasses
1379.jpg,sunglasses
1380.jpg,sunglasses
1381.jpg,sunglasses
1382.jpg,sunglasses
1383.jpg,sunglasses
1384.jpg,sunglasses
1385.jpg,sunglasses
1386.jpg,sunglasses
1387.jpg,sunglasses
1388.jpg,sunglasses
1389.jpg,sunglasses
1390.jpg,sunglasses
1391.jpg,sunglasses
1392.jpg,sunglasses
1393.jpg,sunglasses
1394.jpg,sunglasses
1395.jpg,sunglasses
1396.jpg,sunglasses
1397.jpg,sunglasses
1398.jpg,sunglasses
1399.jpg,sunglasses
1400.jpg,sunglasses
1401.jpg,sunglasses
1402.jpg,sunglasses
1403.jpg,sunglasses
1404.jpg,sunglasses
1405.jpg,sunglasses
1406.jpg,sunglasses
1407.jpg,sunglasses
1408.jpg,sunglasses
1409.jpg,sunglasses
1410.jpg,sunglasses
1411.jpg,sunglasses
1412.jpg,sunglasses
1413.jpg,sunglasses
1414.jpg,sunglasses
1415.jpg,sunglasses
1416.jpg,sunglasses
1417.jpg,sunglasses
1418.jpg,sunglasses
1419.jpg,sunglasses
1420.jpg,sunglasses
1421.jpg,sunglasses
1422.jpg,sunglasses
1423.jpg,sunglasses
1424.jpg,sunglasses
1425.jpg,sunglasses
1426.jpg,sunglasses
1427.jpg,sunglasses
1428.jpg,sunglasses
1429.jpg,sunglasses
1430.jpg,sunglasses
1431.jpg,sunglasses
1432.jpg,sunglasses
1433.jpg,sunglasses
1434.jpg,sunglasses
1435.jpg,sunglasses
1436.jpg,sunglasses
1437.jpg,sunglasses
1438.jpg,sunglasses
1439.jpg,sunglasses
1440.jpg,sunglasses
1441.jpg,sunglasses
1442.jpg,sunglasses
1443.jpg,sunglasses
1444.jpg,sunglasses
1445.jpg,sunglasses
1446.jpg,sunglasses
1447.jpg,sunglasses
1448.jpg,sunglasses
1449.jpg,sunglasses
1450.jpg,sunglasses
1451.jpg,sunglasses
1452.jpg,sunglasses
1453.jpg,sunglasses
1454.jpg,sunglasses
1455.jpg,sunglasses
1456.jpg,sunglasses
1457.jpg,sunglasses
1458.jpg,sunglasses
1459.jpg,sunglasses
1460.jpg,sunglasses
1461.jpg,sunglasses
1462.jpg,sunglasses
1463.jpg,sunglasses
1464.jpg,sunglasses
1465.jpg,sunglasses
1466.jpg,sunglasses
1467.jpg,sunglasses
1468.jpg,sunglasses
1469.jpg,sunglasses
1470.jpg,sunglasses
1471.jpg,sunglasses
1472.jpg,sunglasses
1473.jpg,sunglasses
1474.jpg,sunglasses
1475.jpg,sunglasses
1476.jpg,sunglasses
1477.jpg,sunglasses
1478.jpg,sunglasses
1479.jpg,sunglasses
1480.jpg,sunglasses
1481.jpg,sunglasses
1482.jpg,sunglasses
1483.jpg,sunglasses
1484.jpg,sunglasses
1485.jpg,sunglasses
1486.jpg,sunglasses
1487.jpg,sunglasses
1488.jpg,sunglasses
1489.jpg,sunglasses
1490.jpg,sunglasses
1491.jpg,sunglasses
1492.jpg,sunglasses
1493.jpg,sunglasses
1494.jpg,sunglasses
1495.jpg,sunglasses
1496.jpg,sunglasses
1497.jpg,sunglasses
1498.jpg,sunglasses
1499.jpg,sunglasses
1500.jpg,sunglasses
1501.jpg,sunglasses
1502.jpg,sunglasses
1503.jpg,sunglasses
1504.jpg,sunglasses
1505.jpg,sunglasses
1506.jpg,sunglasses
1507.jpg,sunglasses
1508.jpg,sunglasses
1509.jpg,sunglasses
1510.jpg,sunglasses
1511.jpg,sunglasses
1512.jpg,sunglasses
1513.jpg,sunglasses
1514.jpg,sunglasses
1515.jpg,sunglasses
1516.jpg,sunglasses
1517.jpg,sunglasses
1518.jpg,sunglasses
1519.jpg,sunglasses
1520.jpg,sunglasses
1521.jpg,sunglasses
1522.jpg,sunglasses
1523.jpg,sunglasses
1524.jpg,sunglasses
1525.jpg,sunglasses
1526.jpg,sunglasses
1527.jpg,sunglasses
1528.jpg,sunglasses
1529.jpg,sunglasses
1530.jpg,sunglasses
1531.jpg,sunglasses
1532.jpg,sunglasses
1533.jpg,sunglasses
1534.jpg,sunglasses
1535.jpg,sunglasses
1536.jpg,sunglasses
1537.jpg,sunglasses
1538.jpg,sunglasses
1539.jpg,sunglasses
1540.jpg,sunglasses
1541.jpg,sunglasses
1542.jpg,sunglasses
1543.jpg,sunglasses
1544.jpg,sunglasses
1545.jpg,sunglasses
1546.jpg,sunglasses
1547.jpg,sunglasses
1548.jpg,sunglasses
1549.jpg,sunglasses
1550.jpg,sunglasses
1551.jpg,sunglasses
1552.jpg,sunglasses
1553.jpg,sunglasses
1554.jpg,sunglasses
1555.jpg,sunglasses
1556.jpg,sunglasses
1557.jpg,sunglasses
1558.jpg,sunglasses
1559.jpg,sunglasses
1560.jpg,sunglasses
1561.jpg,sunglasses
1562.jpg,sunglasses
1563.jpg,sunglasses
1564.jpg,sunglasses
1565.jpg,sunglasses
1566.jpg,sunglasses
1567.jpg,sunglasses
1568.jpg,sunglasses
1569.jpg,sunglasses
1570.jpg,sunglasses
1571.jpg,sunglasses
1572.jpg,sunglasses
1573.jpg,sunglasses
1574.jpg,sunglasses
1575.jpg,sunglasses
1576.jpg,sunglasses
1577.jpg,sunglasses
1578.jpg,sunglasses
1579.jpg,sunglasses
1580.jpg,sunglasses
1581.jpg,sunglasses
1582.jpg,sunglasses
1583.jpg,sunglasses
1584.jpg,sunglasses
1585.jpg,sunglasses
1586.jpg,sunglasses
1587.jpg,sunglasses
1588.jpg,sunglasses
1589.jpg,sunglasses
1590.jpg,sunglasses
1591.jpg,sunglasses
1592.jpg,sunglasses
1593.jpg,sunglasses
1594.jpg,sunglasses
1595.jpg,sunglasses
1596.jpg,sunglasses
1597.jpg,sunglasses
1598.jpg,sunglasses
1599.jpg,sunglasses
1600.jpg,sunglasses
1601.jpg,sunglasses
1602.jpg,sunglasses
1603.jpg,sunglasses
1604.jpg,sunglasses
1605.jpg,sunglasses
1606.jpg,sunglasses
1607.jpg,sunglasses
1608.jpg,sunglasses
1609.jpg,sunglasses
1610.jpg,sunglasses
1611.jpg,sunglasses
1612.jpg,sunglasses
1613.jpg,sunglasses
1614.jpg,sunglasses
1615.jpg,sunglasses
1616.jpg,sunglasses
1617.jpg,sunglasses
1618.jpg,sunglasses
1619.jpg,sunglasses
1620.jpg,sunglasses
1621.jpg,sunglasses
1622.jpg,sunglasses
1623.jpg,sunglasses
1624.jpg,sunglasses
1625.jpg,sunglasses
1626.jpg,sunglasses
1627.jpg,sunglasses
1628.jpg,sunglasses
1629.jpg,sunglasses
1630.jpg,sunglasses
1631.jpg,sunglasses
1632.jpg,sunglasses
1633.jpg,sunglasses
1634.jpg,sunglasses
1635.jpg,sunglasses
1636.jpg,sunglasses
1637.jpg,sunglasses
1638.jpg,sunglasses
1639.jpg,sunglasses
1640.jpg,sunglasses
1641.jpg,sunglasses
1642.jpg,sunglasses
1643.jpg,sunglasses
1644.jpg,sunglasses
1645.jpg,sunglasses
1646.jpg,sunglasses
1647.jpg,sunglasses
1648.jpg,sunglasses
1649.jpg,sunglasses
1650.jpg,sunglasses
1651.jpg,sunglasses
1652.jpg,sunglasses
1653.jpg,sunglasses
1654.jpg,sunglasses
1655.jpg,sunglasses
1656.jpg,sunglasses
1657.jpg,sunglasses
1658.jpg,sunglasses
1659.jpg,sunglasses
1660.jpg,sunglasses
1661.jpg,sunglasses
1662.jpg,sunglasses
1663.jpg,sunglasses
1664.jpg,sunglasses
1665.jpg,sunglasses
1666.jpg,sunglasses
1667.jpg,sunglasses
1668.jpg,sunglasses
1669.jpg,sunglasses
1670.jpg,sunglasses
1671.jpg,sunglasses
1672.jpg,sunglasses
1673.jpg,sunglasses
1674.jpg,sunglasses
1675.jpg,sunglasses
1676.jpg,sunglasses
1677.jpg,sunglasses
1678.jpg,sunglasses
1679.jpg,sunglasses
1680.jpg,sunglasses
1681.jpg,sunglasses
1682.jpg,sunglasses
1683.jpg,sunglasses
1684.jpg,sunglasses
1685.jpg,sunglasses
1686.jpg,sunglasses
1687.jpg,sunglasses
1688.jpg,sunglasses
1689.jpg,sunglasses
1690.jpg,sunglasses
1691.jpg,sunglasses
1692.jpg,sunglasses
1693.jpg,sunglasses
1694.jpg,sunglasses
1695.jpg,sunglasses
1696.jpg,sunglasses
1697.jpg,sunglasses
1698.jpg,sunglasses
1699.jpg,sunglasses
1700.jpg,sunglasses
1701.jpg,sunglasses
1702.jpg,sunglasses
1703.jpg,sunglasses
1704.jpg,sunglasses
1705.jpg,sunglasses
1706.jpg,sunglasses
1707.jpg,sunglasses
1708.jpg,sunglasses
1709.jpg,sunglasses
1710.jpg,sunglasses
1711.jpg,sunglasses
1712.jpg,sunglasses
1713.jpg,sunglasses
1714.jpg,sunglasses
1715.jpg,sunglasses
1716.jpg,sunglasses
1717.jpg,sunglasses
1718.jpg,sunglasses
1719.jpg,sunglasses
1720.jpg,sunglasses
1721.jpg,sunglasses
1722.jpg,sunglasses
1723.jpg,sunglasses
1724.jpg,sunglasses
1725.jpg,sunglasses
1726.jpg,sunglasses
1727.jpg,sunglasses
1728.jpg,sunglasses
1729.jpg,sunglasses
1730.jpg,sunglasses
1731.jpg,sunglasses
1732.jpg,sunglasses
1733.jpg,sunglasses
1734.jpg,sunglasses
1735.jpg,sunglasses
1736.jpg,sunglasses
1737.jpg,sunglasses
1738.jpg,sunglasses
1739.jpg,sunglasses
1740.jpg,sunglasses
1741.jpg,sunglasses
1742.jpg,sunglasses
1743.jpg,sunglasses
1744.jpg,sunglasses
1745.jpg,sunglasses
1746.jpg,sunglasses
1747.jpg,sunglasses
1748.jpg,sunglasses
1749.jpg,sunglasses
1750.jpg,sunglasses
1751.jpg,sunglasses
1752.jpg,sunglasses
1753.jpg,sunglasses
1754.jpg,sunglasses
1755.jpg,sunglasses
1756.jpg,sunglasses
1757.jpg,sunglasses
1758.jpg,sunglasses
1759.jpg,sunglasses
1760.jpg,sunglasses
1761.jpg,sunglasses
1762.jpg,sunglasses
1763.jpg,sunglasses
1764.jpg,sunglasses
1765.jpg,sunglasses
1766.jpg,sunglasses
1767.jpg,sunglasses
1768.jpg,sunglasses
1769.jpg,sunglasses
1770.jpg,sunglasses
1771.jpg,sunglasses
1772.jpg,sunglasses
1773.jpg,sunglasses
1774.jpg,sunglasses
1775.jpg,sunglasses
1776.jpg,sunglasses
1777.jpg,sunglasses
1778.jpg,sunglasses
1779.jpg,sunglasses
1780.jpg,sunglasses
1781.jpg,sunglasses
1782.jpg,sunglasses
1783.jpg,sunglasses
1784.jpg,sunglasses
1785.jpg,sunglasses
1786.jpg,sunglasses
1787.jpg,sunglasses
1788.jpg,sunglasses
1789.jpg,sunglasses
1790.jpg,sunglasses
1791.jpg,sunglasses
1792.jpg,sunglasses
1793.jpg,sunglasses
1794.jpg,sunglasses
1795.jpg,sunglasses
1796.jpg,sunglasses
1797.jpg,sunglasses
1798.jpg,sunglasses
1799.jpg,sunglasses
1800.jpg,sunglasses
1801.jpg,sunglasses
1802.jpg,sunglasses
1803.jpg,sunglasses
1804.jpg,sunglasses
1805.jpg,sunglasses
1806.jpg,sunglasses
1807.jpg,sunglasses
1808.jpg,sunglasses
1809.jpg,sunglasses
1810.jpg,sunglasses
1811.jpg,sunglasses
1812.jpg,sunglasses
1813.jpg,sunglasses
1814.jpg,sunglasses
1815.jpg,sunglasses
1816.jpg,sunglasses
1817.jpg,sunglasses
1818.jpg,sunglasses
1819.jpg,sunglasses
1820.jpg,sunglasses
1821.jpg,sunglasses
1822.jpg,sunglasses
1823.jpg,sunglasses
1824.jpg,sunglasses
1825.jpg,sunglasses
1826.jpg,sunglasses
1827.jpg,sunglasses
1828.jpg,sunglasses
1829.jpg,sunglasses
1830.jpg,sunglasses
1831.jpg,sunglasses
1832.jpg,sunglasses
1833.jpg,sunglasses
1834.jpg,sunglasses
1835.jpg,sunglasses
1836.jpg,sunglasses
1837.jpg,sunglasses
1838.jpg,sunglasses
1839.jpg,sunglasses
1840.jpg,sunglasses
1841.jpg,sunglasses
1842.jpg,sunglasses
1843.jpg,sunglasses
1844.jpg,sunglasses
1845.jpg,sunglasses
1846.jpg,sunglasses
1847.jpg,sunglasses
1848.jpg,sunglasses
1849.jpg,sunglasses
1850.jpg,sunglasses
1851.jpg,sunglasses
1852.jpg,sunglasses
1853.jpg,sunglasses
1854.jpg,sunglasses
1855.jpg,sunglasses
1856.jpg,sunglasses
1857.jpg,sunglasses
1858.jpg,sunglasses
1859.jpg,sunglasses
1860.jpg,sunglasses
1861.jpg,sunglasses
1862.jpg,sunglasses
1863.jpg,sunglasses
1864.jpg,sunglasses
1865.jpg,sunglasses
1866.jpg,sunglasses
1867.jpg,sunglasses
1868.jpg,sunglasses
1869.jpg,sunglasses
1870.jpg,sunglasses
1871.jpg,sunglasses
1872.jpg,sunglasses
1873.jpg,sunglasses
1874.jpg,sunglasses
1875.jpg,sunglasses
1876.jpg,sunglasses
1877.jpg,sunglasses
1878.jpg,sunglasses
1879.jpg,sunglasses
1880.jpg,sunglasses
1881.jpg,sunglasses
1882.jpg,sunglasses
1883.jpg,sunglasses
1884.jpg,sunglasses
1885.jpg,sunglasses
1886.jpg,sunglasses
1887.jpg,sunglasses
1888.jpg,sunglasses
1889.jpg,sunglasses
1890.jpg,sunglasses
1891.jpg,sunglasses
1892.jpg,sunglasses
1893.jpg,sunglasses
1894.jpg,sunglasses
1895.jpg,sunglasses
1896.jpg,sunglasses
1897.jpg,sunglasses
1898.jpg,sunglasses
1899.jpg,sunglasses
1900.jpg,sunglasses
1901.jpg,sunglasses
1902.jpg,sunglasses
1903.jpg,sunglasses
1904.jpg,sunglasses
1905.jpg,sunglasses
1906.jpg,sunglasses
1907.jpg,sunglasses
1908.jpg,sunglasses
1909.jpg,sunglasses
1910.jpg,sunglasses
1911.jpg,sunglasses
1912.jpg,sunglasses
1913.jpg,sunglasses
1914.jpg,sunglasses
1915.jpg,sunglasses
1916.jpg,sunglasses
1917.jpg,sunglasses
1918.jpg,sunglasses
1919.jpg,sunglasses
1920.jpg,sunglasses
1921.jpg,sunglasses
1922.jpg,sunglasses
1923.jpg,sunglasses
1924.jpg,sunglasses
1925.jpg,sunglasses
1926.jpg,sunglasses
1927.jpg,sunglasses
1928.jpg,sunglasses
1929.jpg,sunglasses
1930.jpg,sunglasses
1931.jpg,sunglasses
1932.jpg,sunglasses
1933.jpg,sunglasses
1934.jpg,sunglasses
1935.jpg,sunglasses
1936.jpg,sunglasses
1937.jpg,sunglasses
1938.jpg,sunglasses
1939.jpg,sunglasses
1940.jpg,sunglasses
1941.jpg,sunglasses
1942.jpg,sunglasses
1943.jpg,sunglasses
1944.jpg,sunglasses
1945.jpg,sunglasses
1946.jpg,sunglasses
1947.jpg,sunglasses
1948.jpg,sunglasses
1949.jpg,sunglasses
1950.jpg,sunglasses
1951.jpg,sunglasses
1952.jpg,sunglasses
1953.jpg,sunglasses
1954.jpg,sunglasses
1955.jpg,sunglasses
1956.jpg,sunglasses
1957.jpg,sunglasses
1958.jpg,sunglasses
1959.jpg,sunglasses
1960.jpg,sunglasses
1961.jpg,sunglasses
1962.jpg,sunglasses
1963.jpg,sunglasses
1964.jpg,sunglasses
1965.jpg,sunglasses
1966.jpg,sunglasses
1967.jpg,sunglasses
1968.jpg,sunglasses
1969.jpg,sunglasses
1970.jpg,sunglasses
1971.jpg,sunglasses
1972.jpg,sunglasses
1973.jpg,sunglasses
1974.jpg,sunglasses
1975.jpg,sunglasses
1976.jpg,sunglasses
1977.jpg,sunglasses
1978.jpg,sunglasses
1979.jpg,sunglasses
1980.jpg,sunglasses
1981.jpg,sunglasses
1982.jpg,sunglasses
1983.jpg,sunglasses
1984.jpg,sunglasses
1985.jpg,sunglasses
1986.jpg,sunglasses
1987.jpg,sunglasses
1988.jpg,sunglasses
1989.jpg,sunglasses
1990.jpg,sunglasses
1991.jpg,sunglasses
1992.jpg,sunglasses
1993.jpg,sunglasses
1994.jpg,sunglasses
1995.jpg,sunglasses
1996.jpg,sunglasses
1997.jpg,sunglasses
1998.jpg,sunglasses
1999.jpg,sunglasses
2000.jpg,sunglasses
2001.jpg,sunglasses
2002.jpg,sunglasses
2003.jpg,sunglasses
2004.jpg,sunglasses
2005.jpg,sunglasses
2006.jpg,sunglasses
2007.jpg,sunglasses
2008.jpg,sunglasses
2009.jpg,sunglasses
2010.jpg,sunglasses
2011.jpg,sunglasses
2012.jpg,sunglasses
2013.jpg,sunglasses
2014.jpg,sunglasses
2015.jpg,sunglasses
2016.jpg,sunglasses
2017.jpg,sunglasses
2018.jpg,sunglasses
2019.jpg,sunglasses
2020.jpg,sunglasses
2021.jpg,sunglasses
2022.jpg,sunglasses
2023.jpg,sunglasses
2024.jpg,sunglasses
2025.jpg,sunglasses
2026.jpg,sunglasses
2027.jpg,sunglasses
2028.jpg,sunglasses
2029.jpg,sunglasses
2030.jpg,sunglasses
2031.jpg,sunglasses
2032.jpg,sunglasses
2033.jpg,sunglasses
2034.jpg,sunglasses
2035.jpg,sunglasses
2036.jpg,sunglasses
2037.jpg,sunglasses
2038.jpg,sunglasses
2039.jpg,sunglasses
2040.jpg,sunglasses
2041.jpg,sunglasses
2042.jpg,sunglasses
2043.jpg,sunglasses
2044.jpg,sunglasses
2045.jpg,sunglasses
2046.jpg,sunglasses
2047.jpg,sunglasses
2048.jpg,sunglasses
2049.jpg,sunglasses
2050.jpg,sunglasses
2051.jpg,sunglasses
2052.jpg,sunglasses
2053.jpg,sunglasses
2054.jpg,sunglasses
2055.jpg,sunglasses
2056.jpg,sunglasses
2057.jpg,sunglasses
2058.jpg,sunglasses
2059.jpg,sunglasses
2060.jpg,sunglasses
2061.jpg,sunglasses
2062.jpg,sunglasses
2063.jpg,sunglasses
2064.jpg,sunglasses
2065.jpg,sunglasses
2066.jpg,sunglasses
2067.jpg,sunglasses
2068.jpg,sunglasses
2069.jpg,sunglasses
2070.jpg,sunglasses
2071.jpg,sunglasses
2072.jpg,sunglasses
2073.jpg,sunglasses
2074.jpg,sunglasses
2075.jpg,sunglasses
2076.jpg,sunglasses
2077.jpg,sunglasses
2078.jpg,sunglasses
2079.jpg,sunglasses
2080.jpg,sunglasses
2081.jpg,sunglasses
2082.jpg,sunglasses
2083.jpg,sunglasses
2084.jpg,sunglasses
2085.jpg,sunglasses
2086.jpg,sunglasses
2087.jpg,sunglasses
2088.jpg,sunglasses
2089.jpg,sunglasses
2090.jpg,sunglasses
2091.jpg,sunglasses
2092.jpg,sunglasses
2093.jpg,sunglasses
2094.jpg,sunglasses
2095.jpg,sunglasses
2096.jpg,sunglasses
2097.jpg,sunglasses
2098.jpg,sunglasses
2099.jpg,sunglasses
2100.jpg,sunglasses
2101.jpg,sunglasses
2102.jpg,sunglasses
2103.jpg,sunglasses
2104.jpg,sunglasses
2105.jpg,sunglasses
2106.jpg,sunglasses
2107.jpg,sunglasses
2108.jpg,sunglasses
2109.jpg,sunglasses
2110.jpg,sunglasses
2111.jpg,sunglasses
2112.jpg,sunglasses
2113.jpg,sunglasses
2114.jpg,sunglasses
2115.jpg,sunglasses
2116.jpg,sunglasses
2117.jpg,sunglasses
2118.jpg,sunglasses
2119.jpg,sunglasses
2120.jpg,sunglasses
2121.jpg,sunglasses
2122.jpg,sunglasses
2123.jpg,sunglasses
2124.jpg,sunglasses
2125.jpg,sunglasses
2126.jpg,sunglasses
2127.jpg,sunglasses
2128.jpg,sunglasses
2129.jpg,sunglasses
2130.jpg,sunglasses
2131.jpg,sunglasses
2132.jpg,sunglasses
2133.jpg,sunglasses
2134.jpg,sunglasses
2135.jpg,sunglasses
2136.jpg,sunglasses
2137.jpg,sunglasses
2138.jpg,sunglasses
2139.jpg,sunglasses
2140.jpg,sunglasses
2141.jpg,sunglasses
2142.jpg,sunglasses
2143.jpg,sunglasses
2144.jpg,sunglasses
2145.jpg,sunglasses
2146.jpg,sunglasses
2147.jpg,sunglasses
2148.jpg,sunglasses
2149.jpg,sunglasses
2150.jpg,sunglasses
2151.jpg,sunglasses
2152.jpg,sunglasses
2153.jpg,sunglasses
2154.jpg,sunglasses
2155.jpg,sunglasses
2156.jpg,sunglasses
2157.jpg,sunglasses
2158.jpg,sunglasses
2159.jpg,sunglasses
2160.jpg,sunglasses
2161.jpg,sunglasses
2162.jpg,sunglasses
2163.jpg,sunglasses
2164.jpg,sunglasses
2165.jpg,sunglasses
2166.jpg,sunglasses
2167.jpg,sunglasses
2168.jpg,sunglasses
2169.jpg,sunglasses
2170.jpg,sunglasses
2171.jpg,sunglasses
2172.jpg,sunglasses
2173.jpg,sunglasses
2174.jpg,sunglasses
2175.jpg,sunglasses
2176.jpg,sunglasses
2177.jpg,sunglasses
2178.jpg,sunglasses
2179.jpg,sunglasses
2180.jpg,sunglasses
2181.jpg,sunglasses
2182.jpg,sunglasses
2183.jpg,sunglasses
2184.jpg,sunglasses
2185.jpg,sunglasses
2186.jpg,sunglasses
2187.jpg,sunglasses
2188.jpg,sunglasses
2189.jpg,sunglasses
2190.jpg,sunglasses
2191.jpg,sunglasses
2192.jpg,sunglasses
2193.jpg,sunglasses
2194.jpg,sunglasses
2195.jpg,sunglasses
2196.jpg,sunglasses
2197.jpg,sunglasses
2198.jpg,sunglasses
2199.jpg,sunglasses
2200.jpg,sunglasses
2201.jpg,sunglasses
2202.jpg,sunglasses
2203.jpg,sunglasses
2204.jpg,sunglasses
2205.jpg,sunglasses
2206.jpg,sunglasses
2207.jpg,sunglasses
2208.jpg,sunglasses
2209.jpg,sunglasses
2210.jpg,sunglasses
2211.jpg,sunglasses
2212.jpg,sunglasses
2213.jpg,sunglasses
2214.jpg,sunglasses
2215.jpg,sunglasses
2216.jpg,sunglasses
2217.jpg,sunglasses
2218.jpg,sunglasses
2219.jpg,sunglasses
2220.jpg,sunglasses
2221.jpg,sunglasses
2222.jpg,sunglasses
2223.jpg,sunglasses
2224.jpg,sunglasses
2225.jpg,sunglasses
2226.jpg,sunglasses
2227.jpg,sunglasses
2228.jpg,sunglasses
2229.jpg,sunglasses
2230.jpg,sunglasses
2231.jpg,sunglasses
2232.jpg,sunglasses
2233.jpg,sunglasses
2234.jpg,sunglasses
2235.jpg,sunglasses
2236.jpg,sunglasses
2237.jpg,sunglasses
2238.jpg,sunglasses
2239.jpg,sunglasses
2240.jpg,sunglasses
2241.jpg,sunglasses
2242.jpg,sunglasses
2243.jpg,sunglasses
2244.jpg,sunglasses
2245.jpg,sunglasses
2246.jpg,sunglasses
2247.jpg,sunglasses
2248.jpg,sunglasses
2249.jpg,sunglasses
2250.jpg,sunglasses
2251.jpg,sunglasses
2252.jpg,sunglasses
2253.jpg,sunglasses
2254.jpg,sunglasses
2255.jpg,sunglasses
2256.jpg,sunglasses
2257.jpg,sunglasses
2258.jpg,sunglasses
2259.jpg,sunglasses
2260.jpg,sunglasses
2261.jpg,sunglasses
2262.jpg,sunglasses
2263.jpg,sunglasses
2264.jpg,sunglasses
2265.jpg,sunglasses
2266.jpg,sunglasses
2267.jpg,sunglasses
2268.jpg,sunglasses
2269.jpg,sunglasses
2270.jpg,sunglasses
2271.jpg,sunglasses
2272.jpg,sunglasses
2273.jpg,sunglasses
2274.jpg,sunglasses
2275.jpg,sunglasses
2276.jpg,sunglasses
2277.jpg,sunglasses
2278.jpg,sunglasses
2279.jpg,sunglasses
2280.jpg,sunglasses
2281.jpg,sunglasses
2282.jpg,sunglasses
2283.jpg,sunglasses
2284.jpg,sunglasses
2285.jpg,sunglasses
2286.jpg,sunglasses
2287.jpg,sunglasses
2288.jpg,sunglasses
2289.jpg,sunglasses
2290.jpg,sunglasses
2291.jpg,sunglasses
2292.jpg,sunglasses
2293.jpg,sunglasses
2294.jpg,sunglasses
2295.jpg,sunglasses
2296.jpg,sunglasses
2297.jpg,sunglasses
2298.jpg,sunglasses
2299.jpg,sunglasses
2300.jpg,sunglasses
2301.jpg,sunglasses
2302.jpg,sunglasses
2303.jpg,sunglasses
2304.jpg,sunglasses
2305.jpg,sunglasses
2306.jpg,sunglasses
2307.jpg,sunglasses
2308.jpg,sunglasses
2309.jpg,sunglasses
2310.jpg,sunglasses
2311.jpg,sunglasses
2312.jpg,sunglasses
2313.jpg,sunglasses
2314.jpg,sunglasses
2315.jpg,sunglasses
2316.jpg,sunglasses
2317.jpg,sunglasses
2318.jpg,sunglasses
2319.jpg,sunglasses
2320.jpg,sunglasses
2321.jpg,sunglasses
2322.jpg,sunglasses
2323.jpg,sunglasses
2324.jpg,sunglasses
2325.jpg,sunglasses
2326.jpg,sunglasses
2327.jpg,sunglasses
2328.jpg,sunglasses
2329.jpg,sunglasses
2330.jpg,sunglasses
2331.jpg,sunglasses
2332.jpg,sunglasses
2333.jpg,sunglasses
2334.jpg,sunglasses
2335.jpg,sunglasses
2336.jpg,sunglasses
2337.jpg,sunglasses
2338.jpg,sunglasses
2339.jpg,sunglasses
2340.jpg,sunglasses
2341.jpg,sunglasses
2342.jpg,sunglasses
2343.jpg,sunglasses
2344.jpg,sunglasses
2345.jpg,sunglasses
2346.jpg,sunglasses
2347.jpg,sunglasses
2348.jpg,sunglasses
2349.jpg,sunglasses
2350.jpg,sunglasses
2351.jpg,sunglasses
2352.jpg,sunglasses
2353.jpg,sunglasses
2354.jpg,sunglasses
2355.jpg,sunglasses
2356.jpg,sunglasses
2357.jpg,sunglasses
2358.jpg,sunglasses
2359.jpg,sunglasses
2360.jpg,sunglasses
2361.jpg,sunglasses
2362.jpg,sunglasses
2363.jpg,sunglasses
2364.jpg,sunglasses
2365.jpg,sunglasses
2366.jpg,sunglasses
2367.jpg,sunglasses
2368.jpg,sunglasses
2369.jpg,sunglasses
2370.jpg,sunglasses
2371.jpg,sunglasses
2372.jpg,sunglasses
2373.jpg,sunglasses
2374.jpg,sunglasses
2375.jpg,sunglasses
2376.jpg,sunglasses
2377.jpg,sunglasses
2378.jpg,sunglasses
2379.jpg,sunglasses
2380.jpg,sunglasses
2381.jpg,sunglasses
2382.jpg,sunglasses
2383.jpg,sunglasses
2384.jpg,sunglasses
2385.jpg,sunglasses
2386.jpg,sunglasses
2387.jpg,sunglasses
2388.jpg,sunglasses
2389.jpg,sunglasses
2390.jpg,sunglasses
2391.jpg,sunglasses
2392.jpg,sunglasses
2393.jpg,sunglasses
2394.jpg,sunglasses
2395.jpg,sunglasses
2396.jpg,sunglasses
2397.jpg,sunglasses
2398.jpg,sunglasses
2399.jpg,sunglasses
2400.jpg,sunglasses
2401.jpg,sunglasses
2402.jpg,sunglasses
2403.jpg,sunglasses
2404.jpg,sunglasses
2405.jpg,sunglasses
2406.jpg,sunglasses
2407.jpg,sunglasses
2408.jpg,sunglasses
2409.jpg,sunglasses
2410.jpg,sunglasses
2411.jpg,sunglasses
2412.jpg,sunglasses
2413.jpg,sunglasses
2414.jpg,sunglasses
2415.jpg,sunglasses
2416.jpg,sunglasses
2417.jpg,sunglasses
2418.jpg,sunglasses
2419.jpg,sunglasses
2420.jpg,sunglasses
2421.jpg,sunglasses
2422.jpg,sunglasses
2423.jpg,sunglasses
2424.jpg,sunglasses
2425.jpg,sunglasses
2426.jpg,sunglasses
2427.jpg,sunglasses
2428.jpg,sunglasses
2429.jpg,sunglasses
2430.jpg,sunglasses
2431.jpg,sunglasses
2432.jpg,sunglasses
2433.jpg,sunglasses
2434.jpg,sunglasses
2435.jpg,sunglasses
2436.jpg,sunglasses
2437.jpg,sunglasses
2438.jpg,sunglasses
2439.jpg,sunglasses
2440.jpg,sunglasses
2441.jpg,sunglasses
2442.jpg,sunglasses
2443.jpg,sunglasses
2444.jpg,sunglasses
2445.jpg,sunglasses
2446.jpg,sunglasses
2447.jpg,sunglasses
2448.jpg,sunglasses
2449.jpg,sunglasses
2450.jpg,sunglasses
2451.jpg,sunglasses
2452.jpg,sunglasses
2453.jpg,sunglasses
2454.jpg,sunglasses
2455.jpg,sunglasses
2456.jpg,sunglasses
2457.jpg,sunglasses
2458.jpg,sunglasses
2459.jpg,sunglasses
2460.jpg,sunglasses
2461.jpg,sunglasses
2462.jpg,sunglasses
2463.jpg,sunglasses
2464.jpg,sunglasses
2465.jpg,sunglasses
2466.jpg,sunglasses
2467.jpg,sunglasses
2468.jpg,sunglasses
2469.jpg,sunglasses
2470.jpg,sunglasses
2471.jpg,sunglasses
2472.jpg,sunglasses
2473.jpg,sunglasses
2474.jpg,sunglasses
2475.jpg,sunglasses
2476.jpg,sunglasses
2477.jpg,sunglasses
2478.jpg,sunglasses
2479.jpg,sunglasses
2480.jpg,sunglasses
2481.jpg,sunglasses
2482.jpg,sunglasses
2483.jpg,sunglasses
2484.jpg,sunglasses
2485.jpg,sunglasses
2486.jpg,sunglasses
2487.jpg,sunglasses
2488.jpg,sunglasses
2489.jpg,sunglasses
2490.jpg,sunglasses
2491.jpg,sunglasses
2492.jpg,sunglasses
2493.jpg,sunglasses
2494.jpg,sunglasses
2495.jpg,sunglasses
2496.jpg,sunglasses
2497.jpg,sunglasses
2498.jpg,sunglasses
2499.jpg,sunglasses
2500.jpg,sunglasses
2501.jpg,sunglasses
2502.jpg,sunglasses
2503.jpg,sunglasses
2504.jpg,sunglasses
2505.jpg,sunglasses
2506.jpg,sunglasses
2507.jpg,sunglasses
2508.jpg,sunglasses
2509.jpg,sunglasses
2510.jpg,sunglasses
2511.jpg,sunglasses
2512.jpg,sunglasses
2513.jpg,sunglasses
2514.jpg,sunglasses
2515.jpg,sunglasses
2516.jpg,sunglasses
2517.jpg,sunglasses
2518.jpg,sunglasses
2519.jpg,sunglasses
2520.jpg,sunglasses
2521.jpg,sunglasses
2522.jpg,sunglasses
2523.jpg,sunglasses
2524.jpg,sunglasses
2525.jpg,sunglasses
2526.jpg,sunglasses
2527.jpg,sunglasses
2528.jpg,sunglasses
2529.jpg,sunglasses
2530.jpg,sunglasses
2531.jpg,sunglasses
2532.jpg,sunglasses
2533.jpg,sunglasses
2534.jpg,sunglasses
2535.jpg,sunglasses
2536.jpg,sunglasses
2537.jpg,sunglasses
2538.jpg,sunglasses
2539.jpg,sunglasses
2540.jpg,sunglasses
2541.jpg,sunglasses
2542.jpg,sunglasses
2543.jpg,sunglasses
2544.jpg,sunglasses
2545.jpg,sunglasses
2546.jpg,sunglasses
2547.jpg,sunglasses
2548.jpg,sunglasses
2549.jpg,sunglasses
2550.jpg,sunglasses
2551.jpg,sunglasses
2552.jpg,sunglasses
2553.jpg,sunglasses
2554.jpg,sunglasses
2555.jpg,sunglasses
2556.jpg,sunglasses
2557.jpg,sunglasses
2558.jpg,sunglasses
2559.jpg,sunglasses
2560.jpg,sunglasses
2561.jpg,sunglasses
2562.jpg,sunglasses
2563.jpg,sunglasses
2564.jpg,sunglasses
2565.jpg,sunglasses
2566.jpg,sunglasses
2567.jpg,sunglasses
2568.jpg,sunglasses
2569.jpg,sunglasses
2570.jpg,sunglasses
2571.jpg,sunglasses
2572.jpg,sunglasses
2573.jpg,sunglasses
2574.jpg,sunglasses
2575.jpg,sunglasses
2576.jpg,sunglasses
2577.jpg,sunglasses
2578.jpg,sunglasses
2579.jpg,sunglasses
2580.jpg,sunglasses
2581.jpg,sunglasses
2582.jpg,sunglasses
2583.jpg,sunglasses
2584.jpg,sunglasses
2585.jpg,sunglasses
2586.jpg,sunglasses
2587.jpg,sunglasses
2588.jpg,sunglasses
2589.jpg,sunglasses
2590.jpg,sunglasses
2591.jpg,sunglasses
2592.jpg,sunglasses
2593.jpg,sunglasses
2594.jpg,sunglasses
2595.jpg,sunglasses
2596.jpg,sunglasses
2597.jpg,sunglasses
2598.jpg,sunglasses
2599.jpg,sunglasses
